Controller.Micro820.Micro820.__SYSVA_ABORT_CYCLE	
Controller.Micro820.Micro820.__SYSVA_CCEXEC	
Controller.Micro820.Micro820.__SYSVA_CYCLECNT	
Controller.Micro820.Micro820.__SYSVA_CYCLEDATE	
Controller.Micro820.Micro820.__SYSVA_FIRST_SCAN	
Controller.Micro820.Micro820.__SYSVA_KVBCERR	
Controller.Micro820.Micro820.__SYSVA_KVBPERR	
Controller.Micro820.Micro820.__SYSVA_MAJ_ERR_HALT	
Controller.Micro820.Micro820.__SYSVA_POWERUP_BIT	
Controller.Micro820.Micro820.__SYSVA_PROJ_INCOMPLETE	
Controller.Micro820.Micro820.__SYSVA_REMOTE	
Controller.Micro820.Micro820.__SYSVA_RESMODE	
Controller.Micro820.Micro820.__SYSVA_RESNAME	
Controller.Micro820.Micro820.__SYSVA_SCANCNT	
Controller.Micro820.Micro820.__SYSVA_SUSPEND_ID	
Controller.Micro820.Micro820.__SYSVA_TCYCURRENT	
Controller.Micro820.Micro820.__SYSVA_TCYCYCTIME	
Controller.Micro820.Micro820.__SYSVA_TCYMAXIMUM	
Controller.Micro820.Micro820.__SYSVA_TCYOVERFLOW	
Controller.Micro820.Micro820.__SYSVA_TCYWDG	
Controller.Micro820.Micro820.__SYSVA_USER_DATA_LOST	
Controller.Micro820.Micro820._IO_EM_AI_00	
Controller.Micro820.Micro820._IO_EM_AI_01	
Controller.Micro820.Micro820._IO_EM_AI_02	
Controller.Micro820.Micro820._IO_EM_AI_03	
Controller.Micro820.Micro820._IO_EM_AO_00	
Controller.Micro820.Micro820._IO_EM_DI_00	
Controller.Micro820.Micro820._IO_EM_DI_01	
Controller.Micro820.Micro820._IO_EM_DI_02	
Controller.Micro820.Micro820._IO_EM_DI_03	
Controller.Micro820.Micro820._IO_EM_DI_04	
Controller.Micro820.Micro820._IO_EM_DI_05	
Controller.Micro820.Micro820._IO_EM_DI_06	
Controller.Micro820.Micro820._IO_EM_DI_07	
Controller.Micro820.Micro820._IO_EM_DI_08	
Controller.Micro820.Micro820._IO_EM_DI_09	
Controller.Micro820.Micro820._IO_EM_DI_10	
Controller.Micro820.Micro820._IO_EM_DI_11	
Controller.Micro820.Micro820._IO_EM_DO_00	
Controller.Micro820.Micro820._IO_EM_DO_01	
Controller.Micro820.Micro820._IO_EM_DO_02	
Controller.Micro820.Micro820._IO_EM_DO_03	
Controller.Micro820.Micro820._IO_EM_DO_04	
Controller.Micro820.Micro820._IO_EM_DO_05	
Controller.Micro820.Micro820._IO_EM_DO_06	
Controller.Micro820.Micro820._IO_P1_AI_00	
Controller.Micro820.Micro820._IO_P1_AI_01	
Controller.Micro820.Micro820.M820Temp	
Controller.Micro820.Micro820.RWenDu	
Controller.Micro820.Micro820.sensor1	
Controller.Micro820.Micro820.sensor2	
Controller.Micro820.Micro820.sensor3	
Controller.Micro820.Micro820.Temp	
